{"Mean":{"confidence_interval":{"confidence_level":0.95,"lower_bound":104.39489724956171,"upper_bound":106.03876428019518},"point_estimate":105.10572535748815,"standard_error":0.42307010564323927},"Median":{"confidence_interval":{"confidence_level":0.95,"lower_bound":103.87364599964519,"upper_bound":104.41415633252933},"point_estimate":104.1431927192639,"standard_error":0.14818279312607632},"MedianAbsDev":{"confidence_interval":{"confidence_level":0.95,"lower_bound":0.7843112941180056,"upper_bound":1.3354766823176984},"point_estimate":0.9823851144352667,"standard_error":0.13682860688748097},"Slope":{"confidence_interval":{"confidence_level":0.95,"lower_bound":104.19338966980284,"upper_bound":104.9191847093679},"point_estimate":104.54166819614929,"standard_error":0.1847613746248569},"StdDev":{"confidence_interval":{"confidence_level":0.95,"lower_bound":1.6796561390128228,"upper_bound":6.370810946086654},"point_estimate":4.2466851017139575,"standard_error":1.2261019113475862}}