{"Mean":{"confidence_interval":{"confidence_level":0.95,"lower_bound":-0.009002679229048646,"upper_bound":0.013218446145757342},"point_estimate":0.0021574361597709313,"standard_error":0.0056595389931720285},"Median":{"confidence_interval":{"confidence_level":0.95,"lower_bound":0.002247821720579246,"upper_bound":0.009379379395973553},"point_estimate":0.0057776053871538835,"standard_error":0.0018569779829832554}}